-0.7669321102078226,0.29624200478941554,-0.1952305676577863,0.22897428281092816,-0.018124270325077133,0.20472697636684742,-0.17810250675105851,0.12696438209267796,-0.20341197544433423,0.3533736697203638,-0.08204469317389722,0.09289828103770194,-0.14817532278324508,0.1791356480844718,-0.30614949329650504,0.12057713060604448,-0.0869170172836639,0.4245304780784886,-0.0809873819929232,-0.32779595928626537,0.30047846136029566,0.24321150370966052,0.47624404465758946,-0.37675742562654535,-0.4061272649356887,-0.10026654763292725,0.038998465751640864,0.14715716666243345,-0.15683936338782095,-0.11675406374635888,0.2648638766669552,-0.13301022601269902,-0.3543534956202602,0.11352057073401653,-0.10777134166423326,0.0012482877046082722,-0.22525913286313054,0.4090813431583708,0.2619711653716429,0.46073529223230847,-0.18148401854862617,0.511851015139857,0.3015757454220629,0.033809438576214317,-0.019422314313376373,-0.05543472992530277,2.123679594867097e-14,0.03664604586065863,0.035397797948497206,0.16019388035041235,-0.043788265063993005,0.008190092657713833,0.0358311274223254,-2.1849524637883488e-15
-0.8237300927478461,0.3683901244253759,0.14130602213281554,-0.10275577313157756,0.10461424993886281,0.04389528414483544,0.01105431139500242,-0.2875168297992998,-0.15868056887888457,0.3973927155473957,0.04560517900403799,0.17666583597370517,-0.00788575701480744,0.3905447864160088,0.036044510476218795,-0.027317549750388644,-0.08583923331654972,-0.05914087811921248,-0.04228195893092386,0.03857338798428214,-0.1800983993088125,-0.07255443805174738,-0.12561932270940407,0.18243274751765098,0.23437957644186577,0.03657448536613733,0.04421349641187224,-0.0668344568923434,0.11519181975759356,-0.06418932066833852,-0.07378520231273888,0.17362703434756993,-0.013200114482841542,-0.11008441896743275,-0.2549997986508729,0.033447983621825564,0.32893149516141723,0.037347637557598214,-0.08316296593817898,-0.514061604460999,-0.8104781872639384,0.2842773097251135,0.33996484265919225,0.5695672957797585,-0.3025371378030142,0.3874165028846434,-7.281000468041848e-14,-0.12652619884610192,0.036865325635428346,0.13181337212201044,0.08681791226213945,0.04791923682430282,-0.011880377219358777,-1.0048894472717123e-15
-0.7949491930933956,-0.09861030337648904,0.33383433122210365,0.167968924660079,-0.4759512267502552,-0.27970522981634105,0.05954769241076375,-0.014905766423745357,0.20565378508428028,-0.18589487831222212,0.18595067212717292,0.4024855528527466,0.061816256645342564,0.06099472514461464,-0.14969648671447108,0.003333283536363261,-0.012920411072593911,-0.16006971928981645,0.03824940966224851,-0.23104302093484147,0.0022654464306541403,0.11549592838516494,0.00801291390769964,-0.08063484758406539,-0.08881723242829356,0.12307365399348597,-0.27130704972531056,-0.007146012889278587,0.0023561668255417945,-0.13854188492017455,0.3014036167977542,0.24431565608576813,0.2562366353990165,-0.07026766692906501,0.18048901679711607,0.3663528998180198,0.4357155284090984,-0.3960105298536539,0.21868279782590158,0.5090421060709753,0.013895423429759201,-0.052918720689873744,-0.2177349319547597,0.4383075692941283,-0.5685763155916129,-0.44488949366550196,-7.069232230662299e-14,-0.13311491516143686,-0.040131218377866505,0.07986386036829557,-0.07129618240779781,-0.0045279431620540034,0.0026734787808486036,8.558964827279111e-16
-0.8216308195155305,0.37448170906806544,0.20867143721049428,0.02033282755366286,0.0694388279632859,-0.028120229343657276,0.16631271142094084,-0.16408849627924169,-0.08792949438985184,0.10500768154894574,0.15441172163949055,0.10391130416337233,-0.09678709005332042,0.29693926133172854,0.0752359746085758,0.027752761047074737,-0.10761311154968427,0.10974785723350129,-0.11288898355313846,-0.149680932922145,-0.23061257411245314,-0.4237483640775142,0.1485254799568617,0.1795778334345405,0.24942149730451826,-0.24789084904073455,0.034414391223729614,0.11887539958373512,0.02779095777439354,0.03919207566457299,0.27899034689761304,0.5614011491882197,0.013661988940667677,0.01628672831015187,-0.4946088098522723,-0.4026375848265882,0.27560618070751247,0.5637915130676661,-0.15128630253117392,0.19188460481541825,0.36519561470518075,-0.24419148597611606,-0.2256724697401262,-0.5119534233256875,-0.32375652960704004,-0.04604614949947552,3.285516851127103e-14,0.05526128290077189,-0.0048536555949966285,-0.06702462927724014,-0.10279597921451818,0.01336672415994907,-0.023242688936823158,4.1214281474933004e-16
-0.8061777746066925,0.30877686062477483,0.18186084485797166,-0.07993944156777191,0.25827122800987024,0.08330472987501966,-0.05386195598937641,-0.19591686773837436,-0.0534683056307819,-0.1331575023204547,0.24193854078711666,-0.12394062503204702,-0.11560549951094547,0.1570604519630341,-0.09974822960712047,-0.2334436017310832,-0.33187277837209156,0.12625874616409166,-0.006367084245738127,0.027536691593726577,-0.10790592759569413,0.030333086076655233,-0.5324879219826464,0.018277446510825145,-0.4027623502369921,-0.2805164198220208,-0.02448006804583686,0.23587487928530823,-0.36525083422997967,-0.042665567701423115,-0.6199465398335697,-0.019314331194786552,-0.12392523102122162,-0.3119867816173666,0.08571907703267428,-0.49102832336333646,0.15210142375021077,-0.47266306164084015,-0.22846959655386356,0.5246243227768193,-0.16746838114841783,0.06802143636615784,0.04393283734906591,-0.18833167071215018,0.14482995098170198,-0.10813343540311599,-1.1150996914011722e-13,-0.2109713747502479,0.012546717714314516,0.08674141821474246,0.06506387413847504,0.06993176189437182,0.018953833024904436,-8.831403226112053e-16
-0.509162594347551,0.023672892941197204,-0.9441462680913726,-0.19428668637719515,-1.5394807798162464e-06,-0.48265921566653147,0.3215665019285634,-0.4602798026947626,0.31227851647719546,0.01787607810317036,0.1926957280046158,-0.07661698009550051,0.04641907669196491,0.05326672734240041,-0.03755870580294446,-0.11052195431451463,0.2289890419661638,0.06766243409215525,-0.11625738185742004,-0.047735192416283184,0.1554571604671481,-0.026126410347920473,-0.02368658060089969,-0.0011994413015339322,0.07077711835578525,0.08143368145156839,0.029572292831268387,-0.03808578291580843,0.09579036420158415,0.051204361364882794,-0.07421293173759806,-0.12400443565683433,0.06269281771835801,-0.0315851040370141,0.08859806165752686,0.009782819618244148,0.11313688632557045,0.11124610141426583,0.027969156919859423,0.14132071323641388,-0.003987265279001166,0.04225369444782593,0.05804974093988555,-0.08613520711848019,-0.0012694038375784635,0.04075696209218581,2.063498278570899e-14,0.03676135795611284,0.0015040879481861898,0.10794343132819934,0.12641986876719388,-0.06914157996625085,0.07019651887767116,1.0906607423584107
-0.7924256214318649,-0.10364979539894657,0.27610533712718766,0.2581072355232636,-0.5382159219370638,-0.11798983052414729,0.0014368159065465303,0.08064175343285762,0.3524491550629765,-0.06109618218902525,0.3115968794844912,0.27490606340059676,-0.06545642031867384,0.15683255297897455,-0.10197679889230947,-0.060535423272499646,0.0496728338566621,0.09769681840560772,-0.08038041688353721,0.26381635625318656,-0.07152703132587615,0.2317574510025856,0.05776416244313529,0.11344327464412264,0.139442080086244,-0.19760563656279878,-0.12785989778181794,-0.12419114590759618,0.06244038218388332,-0.14877860091056838,-0.17304612185730517,-0.023752732713822267,0.26744104602646884,0.1275600385322772,-0.17257638577844672,-0.3162859256183473,0.14100022021767689,0.29401271162557524,0.242485367469135,0.0970469643423207,0.15372228139844413,0.09785726968706254,-0.16955323489108146,0.46227616534910115,0.948746260323619,0.26880666894846383,3.9030768929191806e-14,0.06040605021319228,0.02415760620741848,-0.16467937078540398,-0.13551139821737512,0.08409492770330644,-0.03100063841597404,-9.23799820853306e-16
-0.7079684407605692,0.20640213956957093,-0.43694891901363064,0.26646085016338655,-0.2415643906789175,0.242079252514309,-0.25783584347007427,0.29077779850736596,-0.3347443841105453,-0.1616111561130424,-0.12105046069961979,-0.03664682592212906,0.021338104918209252,-0.04481315980427946,0.07840230867965661,-0.06089052003387316,0.12216728701845571,0.011735770091317078,-0.2811879271079583,-0.30251548286827157,-0.20479638779026468,0.008824496719874569,-0.6603284323055976,0.0005587100980606775,0.459366016279905,0.1925833159454285,0.16196085010237193,0.13018674443240164,0.2754427020993119,-0.14023556979640953,-0.09478078082880204,0.07202453080587337,-0.24361700111018836,-0.08016449775766353,-0.018765582614155736,0.13817386220898545,-0.1373721016460654,-0.06907978169582182,0.24915003667796654,0.18430921666023786,0.3888210792023033,0.16120192314576395,-0.022492146610647603,0.07629704431638597,-0.09997358619315237,0.2874822547785821,-8.730898555477303e-14,-0.1550355575689172,0.7539703384339408,-0.07932808159004841,-0.011612997335287714,-0.035813515799404894,0.026891467390451375,9.08285536627286e-16
-0.7871652324268485,0.3491122559460175,0.008435151878573958,0.014173831054564505,-0.02599971692546521,0.24719877410196253,-0.05251522500288964,-0.15955021285268356,-0.1220790719122133,0.5110594094867181,0.1069651183331323,0.06718420489903855,-0.12936894901915844,0.22485852372261433,-0.33730143730245155,0.0909880375734228,-0.04737738580667819,0.006873466976382808,-0.04047746287151513,0.12592799048275127,0.23927494606246358,0.16602126184652533,0.3337455431952285,0.16342637362879384,-0.13291261331839313,0.027511738317301603,0.10719787153164477,-0.48055291170971254,0.19537105551536277,-0.27988690353639856,-0.22497612908244308,-0.039919863590611226,-0.37249338046088526,-0.4351896686685434,0.3941581450077449,-0.023157743558228132,0.20814092663016157,-0.33776596352072247,0.43057612846700594,-0.34915103973093836,0.39457159708332507,-0.3953991828227833,-0.1472789109854936,-0.225438579259431,-0.11135219174401882,0.14212758545197207,9.283568627197985e-14,0.17890514404541913,-0.00950550866236136,-0.18530778730236538,0.011848575071037804,0.07365271574149113,-0.0408331308309968,5.553501663910832e-16
-0.7293470138311565,0.22454310361053453,-0.21969922043394333,0.3832403490969812,0.09045863227162859,0.13538781418727752,-0.15759772045613105,0.0313410444249345,-0.04696747416451061,0.3104979416160663,0.13204223654642627,0.22106041123484743,-0.21613596879312666,-0.35180368247962107,-0.40186291066585894,0.3309120264195932,0.35378095935281645,0.1502219926847309,0.11625555329375802,0.035432945712156515,0.4019445989610875,-0.20869467505287745,-0.6183977243968816,0.12821239595078174,-0.36654600530138537,-0.08579987355102991,-0.13017552554245423,-0.2198539318676442,-0.07400991075740782,0.6438829928964396,0.3297213203549519,0.05251385438098247,0.16115386437812743,0.31639881811157394,-0.2454197036787208,-0.22841942361794945,-0.06416905571936572,-0.20453778090672636,-0.029989484041303888,-0.22575723839063916,0.002413086797279338,-0.22605243845961687,-0.11980949682648454,0.13297387338797617,0.011248521057301765,-0.03234978933570981,-2.009402547862794e-14,-0.03650328281528664,0.05403744636501498,0.05361137495818658,0.1319699791677666,-0.07236385728385246,0.08094601206754028,7.940608769696132e-16
-0.7747902521030775,0.3849072457787132,0.2918054856136792,0.10316497585033564,0.02001468850715034,-0.11107569699182755,0.43726656712638584,-0.046469338427993445,-0.02273768759181783,-0.12263367051396047,-0.1837353540090348,-0.25308450820823164,-0.011863092151213827,0.04938229333060832,0.13661785726904926,0.1250942752923597,0.06106785208743477,0.028597570585603076,-0.006926579870950513,-0.1392252701867392,-0.024326681619760756,-0.024870168717996008,-0.06153874615255053,-0.024217251526761702,-0.05033441164444502,-0.17676679519544491,0.04754789984385954,0.2019499149383622,0.06827998879665617,-0.11207027652254568,0.3897316740624379,-0.39739474288646554,-0.06674694909242901,-0.08998159614369357,0.3365980144875195,-0.28385129702682255,0.05276174732839623,0.07802358025804236,-0.2957091613429148,-0.14285488651863557,0.4887708172807673,-0.4518306441207398,0.8328493128538162,0.506085087388738,0.04149360194862146,-0.11086211306933606,-7.937588679932468e-14,-0.1670637173344612,-0.009504859910791414,-0.013669417384934232,-0.11375693360080631,-0.10584799419431659,0.037826700984003654,1.1415507546320635e-15
-0.6901789950475632,0.282107712513381,-0.5469210940748405,0.02357506197409345,-0.43516755537728713,0.19942534883984386,-0.06626964069780233,0.21696399147494858,-0.2971106425446661,-0.15177183810382608,-0.0590515257615332,-0.026582901284037373,0.2305283985089472,0.07864524480693322,0.08066572606240416,-0.015535581459871665,-0.03291728567214416,-0.08343134244349697,-0.03212440984083051,0.01781262216102744,-0.12755509316593977,-0.002598626032757666,0.40631910495006085,0.018226222744317098,-0.09471788125707892,0.07892824840920332,-0.18243122294272954,-0.01301535589778489,0.011927162585490236,0.04269890461924993,-0.029026519250348232,-0.037598958499893746,0.22048502396287425,0.018327447431930367,0.08882970960318232,-0.27766421572844363,0.16700001802042294,0.009710592127457273,-0.11568711540587744,-0.3612737471296103,-0.48609811408286685,-0.23056905257716823,0.007547259553253063,-0.21166485600591597,0.25188026616588477,-0.8140662618176522,-2.348579962428342e-14,-0.04940294804348328,0.6612363353416757,-0.046255502933327045,-0.009762151543171045,0.0780891255992033,-0.06251385764523162,5.491410476697946e-16
-0.718890890019168,0.23894731280555978,-0.45002665880539583,0.2635444220769073,-0.2347123489124086,0.2254858696790701,-0.24649740309734558,0.30292149925067424,-0.34449814857134575,-0.08359914019563737,-0.1452948138075281,8.706264355974083e-06,0.20033256301340605,0.0725245118646687,-0.04103019674511994,-0.00701797959654447,0.04616800472025979,0.1705615343651646,-0.38552184560618674,-0.46634133459065563,-0.08727693210557172,0.2702035447762478,0.1324407662870401,-0.057661606660256784,0.2199351578854402,0.19520745310145202,-0.13499840146705774,0.11245212652391531,0.0754928359663378,-0.03118438248477916,-0.1724541680957879,-0.19675322840437437,0.1493397983431932,0.08190957804030956,-0.1498638796185117,-0.01746852784923463,0.1410549702926078,-0.2245737569606471,-0.4963880197057978,-0.08143829131545653,0.035575857365991975,-0.24666537830307225,-0.2418453686298465,-0.014991632629233845,0.0656634084239555,0.19999928142690399,-2.086781279567464e-14,-0.0421142310718851,-0.9063405520844482,0.18322699441173812,0.06800493786026848,0.009613513570001347,0.044020705124182824,7.020252602735593e-16
-0.5245466878731635,-0.044748742210916466,-0.12399089279829553,-0.3181813475744135,0.07756906795899819,0.1863479377961504,-0.1346167006893172,-0.048131247849407435,0.13555464937959302,-0.5345578675041713,-0.6069226057305678,0.35051375830393044,-1.27084566199391,-0.12805585479576204,0.023282746616708254,0.11693875462860942,0.007016313187130095,0.19282571929326128,0.18429332700213805,-0.06091948360911056,0.0024645780546975835,0.06785639361781605,0.08605596212245605,0.12298536337071378,0.12686669375935947,0.02750727240430154,-0.0300447301315356,-0.07310033135505233,0.15200513834800133,0.07108455638705193,-0.22438916043114118,0.024483645142265996,-0.0012211339250176863,0.05987805219174919,0.2753850644915264,0.06566075388692509,0.253797979112746,0.1978859135244643,-0.15257566928153635,-0.004160451309978488,-0.07661957517865405,0.014866389709126198,-0.04347475198474294,0.006803696923712895,-0.018271083440588157,-0.03767554043267866,8.505776927804822e-15,0.012119633392798276,-0.00314760692313719,0.038364772044920226,-0.038032857495099846,-0.08785856086864618,0.01818038393249157,-2.0796654794320926e-17
-0.7176175499197893,0.18463107274910143,0.03981462444315613,-0.10007676338591548,0.41356288245687245,0.08102290803603485,-0.4250972657378567,-0.12109563921858606,0.10717294702869407,-0.4591500845714384,0.3578764806120136,-0.11799660554591691,0.07963606181206266,0.2617696873367376,-0.30252971791140515,-0.2151042137232711,0.060439915270668824,-0.2827739058005857,0.21746980100696198,-0.12202979451176278,-0.17373278302991296,0.41735815386610425,-0.03546683576027306,-0.18583975096697072,0.07073652465185876,-0.3333698849906955,0.4032486098653872,0.16602600244566487,-0.44713796865119654,0.04104211790927854,0.019718969294519724,-0.283026987682201,-0.12789820633075927,0.5099376018392536,-0.056841340064544395,0.36191205852173575,0.196397082122924,0.26223947822682825,0.16838721735849285,-0.26622541704247626,0.020111127983916784,-0.3992846905975161,-0.17709342277909718,0.054779752393150465,-0.09447358726275337,0.002643493419174783,5.6555189660518495e-14,0.10264824309551047,0.12563034270544313,0.0038798306851382503,0.224558982302931,-0.05426497626250021,0.005681672433120689,-2.0964897615098578e-16
-0.5495458360232601,-0.6251855084909971,-0.027610620994246868,-0.40832671890460265,0.09482793163575778,-0.20526986862870233,-0.025195689678506827,0.606936789900245,-0.029631800416433367,0.34554935004648263,-0.06906354898678348,0.04591758358950442,0.0716430816246844,-0.025923630011464024,-0.23134741759194846,-0.08304539225969096,-0.5122590794672689,-0.11130915154907443,0.06056633855690519,0.09286578176693426,0.0503108874726215,-0.1815398204613065,-0.28071358582211636,0.06571581294968505,0.18410144568057688,0.06505467099699791,0.08353070972100793,-0.20943338716994134,0.0072607445545987475,-0.23653489247787293,0.09513826259778918,-0.07849735919910689,0.028717649828777007,0.3013528587656061,0.17541655434747747,-0.07601455109599664,0.22295132965238762,0.08229764349007503,0.05465917192995327,-0.01518045266069727,0.12391115271032105,-0.06633067238192919,0.08545801744634511,-0.1390013384967288,0.13415657018802152,-0.054730946319012576,7.264830466800566e-14,0.1264084738686621,0.041527925438624255,1.0122088122334363,-0.18575313554687375,0.047994878024259745,0.01875789046323353,-1.329420490841039e-15
-0.6823865627517582,0.2676007090159922,-0.5168909328005186,-0.03927429422259279,-0.3920696286614466,0.14317567934169945,-0.03187970999807562,0.1627410602631152,-0.16823302438717874,-0.2204027124273749,-0.05499849087528899,-0.0524103940849069,0.12087068967083299,-0.01842242159095894,0.19977385193827474,-0.07429881195442833,-0.12705546257558592,-0.20405288028622784,0.42823240562323994,0.5066198051676294,-0.050608040605322695,-0.05528402544705325,0.44198436514197703,0.036244621925110736,-0.43515913585090626,-0.24386593096533107,-0.06732832638487457,-0.1345962268211339,-0.27874743728998963,0.1359686802742941,0.048822207906992245,0.14290042679296622,0.25803453125230025,0.06130194395888978,0.07785461216788137,0.10412500835788185,0.011344932626578414,-0.09620121660703837,-0.33557636514983613,0.09241887022075854,0.36121358074674464,0.18139157287179156,0.016410961330567693,0.05563178206550208,-0.2835490592501416,0.7415400980473745,-1.1437671689606193e-13,-0.20416040961836912,0.19442944646687682,0.17582928746755036,0.024774509287508475,0.0852248382559989,-0.03581077654133155,-1.8074906642845864e-15
-0.7123944955106056,-0.14957877327408656,0.3158125608327923,0.1274304378299009,-0.468341436877867,-0.29986504555018706,-0.03129829969730689,-0.1369783873160269,0.2188094722287451,-0.0736685648423227,-0.05814466988735788,0.38809953921820745,0.2293293644148739,0.03426390077631195,0.11951826974560345,0.0456447193337633,-0.24264995712823356,-0.3862415541091511,0.3588760551966149,-0.6529374560630457,0.29420240503935036,-0.12909394044371847,-0.08837709939539823,-0.36231074035723604,-0.06076213514192136,0.2586664388639129,-0.0028716233858231896,-0.29156905939397393,-0.1279552547150587,0.37196179734556495,-0.4555644644392361,0.15503934611539952,-0.3048697343895574,0.036168785150502786,-0.010932207353252142,0.09060717766235693,-0.10092898149834012,0.19489609102711902,-0.09987266087511731,-0.2175750933852062,0.020989304404132762,-0.053503939723252486,0.3223322661423792,-0.34640854019380773,0.15860108954833493,0.1490297986159481,-1.460140915096961e-13,-0.26385465798743307,-0.02912956174384612,-0.11042944685201872,-0.17363146053345543,-0.04800112788283163,-0.024696764996545807,2.4198386796101503e-16
-0.47662301717456174,-0.3725092551722788,-0.6181468562036908,-0.4678423941298577,-0.1099533013287307,-0.3431767939341882,0.1007825955075928,0.1671952232523039,0.3347524659680428,0.11734135239545156,-0.2400616344424656,0.03808833100222334,-0.2201485590331881,0.07168689227750881,-0.09008057493496102,0.07913011061485628,-0.636881600770159,-0.05619389070676444,-0.10853598616887994,0.007734117079637464,-0.03222962850304679,0.13068107135106968,-0.052713240871497265,-0.3120547721356828,0.03796782962331174,-0.4112304727240264,-0.036809659361087294,0.14057049422286655,-0.07786924178531264,-0.0785964826360011,0.15909715873881453,0.1170074140682944,-0.24915133317818333,-0.16876892661466653,-0.5127708058927248,-0.04042359242665324,-0.4905097303414677,-0.33806556734718657,-0.06662477929807248,-0.30296304174868127,0.07711870439395294,-0.15389621625449212,-0.2378698390511512,0.3324620637462917,-0.07779149176499872,-0.13614462205112327,-2.0295773300376397e-14,-0.03852962844551753,-0.01743584492858781,-0.32321166162472775,-0.13968803891940465,0.06855569749815892,-0.10536103955285864,5.923133688808339e-16
-0.7959369514972756,0.3085066040631324,0.11724818578447618,-0.12433950408563545,0.1422141384121549,0.0588560341380422,0.013760489262689747,-0.14323660769930094,-0.08551904327120034,-0.223388830519418,0.2908063606405125,-0.09353832965125741,-0.006085594544812373,-0.1762620366354932,0.03924479351155055,-0.14739482819404526,-0.502089395097047,0.3835297163016633,-0.2285793158380076,-0.19242455013173,-0.12159864773847268,-0.6031438273757082,-0.13144647450982525,0.17290285679297507,-0.2533750941169043,0.2320531579650182,-0.405976293959153,-0.3743919588925541,-0.2746651176454747,-0.2316839481061482,0.05884639059149518,-0.48852041547112,0.15477285101586355,-0.022345667500544102,-0.02367854958948072,0.4540999497600526,-0.05838898959585936,0.22557303670827264,-0.05206794318120142,-0.321324141444915,0.24205487678152773,0.37077675104094615,-0.18955651101368498,0.07545089524641761,0.025969257882582655,-0.12435894467770324,4.7557984350495625e-14,0.08552764347136675,-0.015031711985315931,-0.24130635253283364,0.027147142777282387,-0.04450683984720259,-0.015136119344933786,-2.840249758553959e-16
-0.509162594347551,0.023672892941197166,-0.9441462680913726,-0.19428668637719537,-1.5394807793726025e-06,-0.4826592156665319,0.3215665019285637,-0.4602798026947636,0.3122785164771959,0.017876078103170826,0.19269572800461562,-0.07661698009550079,0.04641907669196534,0.05326672734239961,-0.03755870580294411,-0.11052195431451559,0.2289890419661646,0.06766243409215626,-0.11625738185741984,-0.04773519241628526,0.15545716046714514,-0.026126410347920816,-0.02368658060089992,-0.0011994413015319549,0.07077711835578716,0.08143368145157139,0.029572292831267916,-0.03808578291580962,0.0957903642015849,0.05120436136488462,-0.07421293173759781,-0.12400443565683418,0.06269281771835848,-0.031585104037015026,0.0885980616575269,0.00978281961824431,0.11313688632556895,0.11124610141426317,0.027969156919859073,0.14132071323641518,-0.0039872652790008825,0.04225369444782111,0.05804974093988558,-0.08613520711847984,-0.0012694038375788237,0.04075696209218384,1.940653932460663e-14,0.03676135795611409,0.0015040879481869219,0.10794343132819609,0.12641986876719308,-0.06914157996625372,0.07019651887767829,-1.0906607423584105
-0.7267386195908032,0.33694206620343,0.12665058982376604,-0.16260959094203134,0.19297129711804684,0.05654477791813606,-0.007486795032788525,-0.30285443240123805,-0.12339001664975642,0.4222841255475916,0.024497718552389972,0.2231040473487822,-0.04239299507880466,-0.5673805432519575,0.32896965941504464,-0.1358031174165206,0.0910801782985598,-0.3274444248974024,-0.06185144535857985,0.14157677360262563,-0.11566864669283666,0.4485039448622965,-0.045283359995285634,-0.44026300687171543,0.06465166508582629,-0.160312038306835,0.20747839116314842,-0.1290350557656591,0.24517895709262752,-0.06868647368033942,0.12812163901594006,-0.01551390918913579,0.03236890747887737,0.22708964363340434,-0.16611209361287177,0.05205638083087652,0.38200696151623925,-0.21943702780670102,-0.29102399480268126,-0.13486623808436426,0.38919476144248816,0.6352390986015257,0.05690680060160806,-0.2040737754576866,0.1610509397651048,-0.3571287968156607,-1.0804354670435665e-14,-0.029295484214175556,-0.0523090631277574,-0.0938510216864186,0.03762918363272362,0.07913335608074551,-0.03556220228193525,-1.2433027688222516e-15
-0.7200228066809757,0.313287361038897,0.05542784799777177,0.09000576469918631,-0.08496825734212482,0.11672263010580834,0.06852736792651208,-0.0004879265244237969,0.13126174585402142,0.23922971114484054,0.3205776753633074,0.1405920411596198,0.017557481135130424,-0.7132575066565658,-0.47698993948019947,0.3287155157600435,-0.2271776916587018,-0.1742989968481339,0.11052742443086214,0.04981984864431902,0.1997343516194866,-0.32182244019687434,0.2782318566965248,0.22670536681477266,0.2870317862199002,-0.0028107116157158733,0.3998686150189761,0.7643175759966861,0.048291492038637085,-0.11291496850035647,-0.2291784552486109,-0.008836396816577378,0.14199647176605854,-0.24430860820423625,0.11417154469400947,0.3910172707663546,-0.11891232445517289,0.07635427035790147,-0.3164766428550237,0.08377076266517686,-0.11551565737469748,-0.08212445208922424,-0.02644649464221189,0.027991404006937524,0.1401961323461288,0.025073509346848443,1.2852046538278665e-14,0.02304247467208412,0.07559813992196601,-0.037047863426138306,0.011011281236938281,0.02335575677163863,-0.0263352529064358,2.1953540574021812e-16
-0.4529538136116204,-0.452338083384209,0.19799094558467442,-0.12652198525835817,0.10501182411935131,-0.528984342663912,0.21978903933642632,0.005976681265920372,-0.8123409192036585,-0.28567408082192247,-0.11541999546800871,0.4253688660161402,-0.014253008322692252,-0.04353917627544773,-0.37634561355685864,-0.3825106068910403,0.22043617161164147,-0.2120408730031847,-0.05619691182991928,0.2907557414762199,0.057066647487496215,-0.29899291088125146,0.2712494653638993,0.033158810155113454,-0.08430251954234047,0.24416830023530228,0.2743904347048178,0.09657400585478004,0.11830771188086855,0.05494511341306713,-0.030453741510423814,-0.49842749462137687,-0.23477920297242666,0.09750848928410627,-0.2832501437417534,-0.2877085280760961,-0.017913008187548974,-0.12635565159078319,0.08597495375115238,0.06628804366126144,-0.03691704312804748,0.052000058759340925,-0.1991604430702413,0.05870265619617301,-0.08114300940709432,0.0581958862518183,-1.41227509737528e-13,-0.2576858488751466,-0.01876850572083672,-0.17535900466641183,-0.21674114020360835,-0.29138044466777263,0.00806216422208236,5.321994675857941e-16
-0.780888519937483,-0.07816175741562438,0.31782354570596993,0.22489870479466462,-0.46364970737410155,-0.13654749944626204,0.1685074614743369,0.10187986093677573,0.4054322891101807,-0.16570804916817003,0.19397461252184972,0.034990631719745945,-0.012261507059322503,-0.11866348743693271,-0.11457704225962484,0.03573011597113915,0.075970343874118,0.10582558694395652,0.038813658458638794,0.22182582307777104,-0.07085053878867234,0.4747938034415264,-0.31856152886054045,0.08312487940315869,-0.12171789953400286,0.12111474358655214,-0.04514086729696014,0.15108833884100922,0.20077996409955332,-0.3879073885473552,0.12380298055790842,-0.2914632449366216,-0.04022901445516068,0.14019541082239248,0.24733958502703857,-0.4227243364948748,-0.39563971355170774,0.2399331197050383,-0.22518973181166071,-0.35653375858280706,-0.23275839392511358,0.2210607662419508,-0.18857603703629383,-0.4497963108283579,-0.5974378754292448,0.12695861154817634,1.7777303452694218e-14,0.04254488540825577,-0.01952257009147606,-0.016179244429172072,-0.03981639996244295,0.09972098261119357,-0.02250976985101583,-1.2971380626363049e-15
-0.553590530484221,-0.6827164610182456,-0.08006047771850834,-0.40409026988717855,0.04111354179743991,0.3374522717006864,0.012747472010725281,0.223473739097769,-0.028288991737941093,0.29193246721306343,0.060177882458180725,-0.1459749490515927,-0.0017788453290426406,0.09919719022010295,0.2101600204427455,0.20943112636881386,-0.24038059619859578,-0.134067239088036,0.15772708786466175,-0.09966190020586041,0.29457866888088646,-0.1296081004091247,-0.10802897071599538,-0.1188255779191445,0.10865195238205036,0.11590018944040112,-0.13583871654136861,0.09234886954561491,0.12519852148193214,-0.1135077860350492,0.12156397613995357,-0.37378420619259867,0.27784977956773743,0.4688038901994049,0.05945189256456952,-0.160432975708199,0.3774057241177021,-0.11731592878142359,0.057906636594470234,0.41366761316218764,-0.24720711127185413,-0.15408348494837623,0.16301792406421484,-0.15830779015347518,-0.10812255313976132,0.32655914671036,8.554706612757841e-14,0.16059249796923716,0.03544248059516926,-0.7922612841755381,0.10778740606804271,0.09845905816699724,-0.0041335842370436296,7.763821526104378e-16
-0.5479409381489181,-0.7499977723886591,0.00014388789266130323,0.028950876101106564,0.057784621692062985,0.3401229111124196,0.39669367051446824,0.1706510186957084,-0.13646811212227078,0.005099210037084701,0.5977993425021243,-0.16268740701485032,-0.3308575519382368,0.034026603630469304,-0.0007105723221904857,-0.2228632772027724,0.24520491244509693,0.027507978358225913,0.14920269345606843,-0.07926307396914972,-0.2021837899816047,-0.01651953807682527,0.1342343084260175,-0.2492360915380674,0.09342798021740928,0.008640019090073161,-0.10759434304491632,0.00022535346644145664,0.004070940593623904,0.18073578983530206,-0.02387544351403753,0.07637469566583453,-0.03329063855832308,-0.17396678402311538,-0.049015867312841695,0.15220120448112512,-0.13382537747357331,-0.1036273023003021,-0.05344795061790602,-0.14456728890291018,-0.009128279521424249,0.001310239127852241,0.08098631841021332,-0.01785622571937895,-0.003541191273186475,-0.018651013708468854,2.849449349274385e-14,0.05608208147068324,0.006418686742787274,0.03563557023979261,-0.3623526055469216,0.37665775810268204,0.9948562200800434,3.2557100695770974e-15
-0.8081263540043787,0.004437430542340822,0.12125677222970485,-0.13248748400376936,-0.031042862550099852,0.004299396160558453,0.20296044930789653,0.04063661484932818,-0.12383406730009634,-0.1854675743807845,-0.0009194204166493138,-0.08101487768424527,0.30475359409337127,-0.1548188034880849,0.3837086993220707,-0.36947936140254156,-0.32733842257306317,0.8863512634129946,0.34121248444022295,0.12711534678907693,0.46975961398007765,0.43497379701288424,-0.025574873046376827,0.33765221908841453,0.21080006411026017,0.2634351227388614,0.5621208311074889,-0.041141233601899946,-0.057556485866465855,0.32318599799121767,0.15408963660972658,0.25238673413102636,-0.03835497533897192,-0.0007689040938463279,-0.046002056106328355,0.07844807703620416,0.041997387578657376,-0.10578226359305497,0.06180147109479865,-0.003188587651108012,-0.051883095489487364,-0.0643766485835958,-0.03135210765342412,0.07642144549250815,0.018515946490327007,-0.1068555292587311,1.8360294601477534e-14,0.03523299921113089,-0.04454116373431507,-0.11207608915980298,-0.12195293622124773,0.004842325140613892,-0.018325507270485777,1.2444922432787978e-15
-0.47076863863801655,-0.5685251030174694,0.17862630964323215,-0.26003336745561234,-0.4338161135307614,-0.1775702572537025,-0.4795337671655855,-0.47240920458783914,-0.322760097279245,0.27055846672247647,-0.09282691717784233,-0.6063197155174759,0.022687226823339887,-0.1050425214579346,-0.18301862519593545,0.21570825472099664,0.07535220546450379,0.15377118212133328,-0.07806501361712875,0.11441892001246852,-0.09330243149674664,0.1815804013203759,-0.06718683663408635,-0.08634528098579784,0.015220394669577647,-0.06164906811395286,-0.14701214310901844,0.032745322434941174,-0.21839106836872632,-0.09111982152017602,-0.051812886998581546,0.2995306341281576,0.12499151278910381,0.031146572486528717,0.13711286842968895,0.0773268037081717,0.04661145813154087,0.060399715455734616,-0.15341695632675573,-0.051172239605592335,-0.03129885203480639,-0.0030875762601555836,-0.01973387223949564,-0.026198240195014946,0.018720265163472104,0.03852409027989121,5.827307401817883e-14,0.10527441356388528,0.055103330862645516,-0.07972269233845845,-0.39806458444208753,-0.8933823930737883,0.21945883692371262,2.4110692961227613e-15
-0.4987581088051268,-0.6063552891465246,-0.1055997929055273,0.2726211166717275,0.3420387855977642,-0.10796730945002986,0.1957620409473223,-0.13395005703222884,-0.3957906726418517,-0.3271850906360683,-0.05193958966560365,0.4629088827478435,0.20784385140460238,0.07510080526247012,0.33754054742883255,0.6009638768363299,-0.1873032360701385,-0.2506690663156321,-0.005623049105065113,-0.16679989613451887,-0.000920962698333381,0.35933461257407145,-0.09497737564294859,0.3277358819342225,-0.29795725941858875,-0.1726095993389438,0.09217980247843659,-0.021103577214723404,0.05907488672158974,-0.0585229960268082,-0.10987508292152719,-0.08088165297853209,0.24380124113414975,-0.3192927245012405,-0.22073305801078405,0.03795752171689456,-0.10317323580719946,0.02993936554658076,0.004943937502454507,0.033132992331470074,0.03206688491910752,0.04921904455685298,0.08439309231934548,-0.015824146199845384,0.0027871557672490286,0.019884329675198976,4.326464652907005e-13,0.7914700048080615,0.10552628379319069,0.12226994037065664,0.08300204519335275,-0.16759441661169716,0.16029393110446122,4.489755012622508e-16
-0.4463627999778455,-0.6165909893748757,-0.2048219305897835,0.23796427113773885,0.3765471313557241,0.24789797353585472,0.11704669792100117,-0.2627104125744822,0.08628802852648043,-0.016992586978169317,-0.3536338237673301,0.3173281312556871,0.4361225646644741,-0.1391178688280525,-0.3644793501289177,0.121855680424066,-0.07591405649444113,0.3985557203163197,0.4967165612957106,0.04446184091977185,-0.5463680559799383,0.08277952605035396,-0.005230353635162719,0.06399790949647882,0.2257307154804844,-0.3520365057749686,-0.2882338431423075,-0.09956103224083786,0.17951431178400037,-0.12187553988807759,0.1461820034622089,-0.11826619115751885,0.12534407412020765,-0.13017373092587523,-0.01738886397403191,0.16312847801917302,-0.006705557558118782,-0.02547609734356336,0.26512103835315204,0.018793763086224016,-0.060058886728616596,-0.0398728803597192,0.15647076378883856,-0.34341963325406455,0.12096821831968577,0.030645182059681995,-3.4844609586243093e-13,-0.6279623801051907,-0.09321088579273992,-0.06015307775142568,0.07204727484588887,-0.10551661455359476,0.023626025604227673,3.67278879096124e-16
-0.7383792857482641,-0.014163235079723894,0.12992105130110615,-0.3524655756198925,0.3266799026549157,-0.057746197984582616,-0.4906585772254879,0.008486840087841282,0.1314839597095829,-0.3947078447568802,0.2034393189592106,-0.13464029885040377,0.31264371960147164,0.0324857954977725,0.023568347817537864,0.06673231258450305,0.19530927962551634,0.060874815436448425,-0.0018035492933049103,0.18552621009452494,0.310495944787098,-0.04923587288785301,0.0631076600440268,0.19391380485308002,-0.29008911636441964,-0.10715501080178234,-0.4990451112897007,0.06810731046741869,0.8544458824557108,-0.12459391780092229,-0.030241379222456403,0.20368977652168657,-0.5516858539833924,0.17191052099144646,-0.21625574454300614,0.2983160578728467,-0.012867867183214208,-0.02150770254362134,-0.30477295989563913,0.11042709257060132,-0.04221060927078784,-0.1184632469588457,0.09747850713648509,0.02688091994946275,0.12749288391435315,-0.012286810524000201,7.608452787948254e-15,0.013310846096970422,0.05097373349404653,0.07059711290550484,-0.1785339412367798,0.13590886043393885,-0.035822559818418885,-2.1118181418691387e-16
-0.48920537667979264,-0.645496062896421,0.08702926262763062,-0.033398736078435236,0.19574348094734642,-0.35739953801576546,-0.06973272998827676,0.7097994016922327,-0.10588557551034282,0.23001257009078524,-0.07888599217894016,0.03751437644316003,0.056787294764269226,-0.019953301545981014,-0.3388613051225233,-0.3855814363290884,0.13469886966791839,0.017817432000136246,-0.15529538910544427,0.14171831634798943,-0.049770592583880315,0.2172419324649035,-0.08936249413929337,-0.02134728833009446,-0.08116851415030814,-0.0010849165085459508,-0.14388186725353178,-0.13096795296421548,-0.04721658153266944,0.235736841829296,-0.09684623146528525,0.2841945869985419,-0.0026354125819760795,-0.4446639616626121,0.21136292750028116,0.14730379816510195,0.10370842339947052,0.49881685133769776,-0.3855523556532721,0.040663624323057514,0.096651550080559,0.019722683213059252,0.16708073845502042,0.07883561856843406,-0.06405676438694409,-0.10067877279755802,3.5176389378071656e-14,0.057174562666874734,0.011821412634474605,-0.3791830963646438,0.6913863749222353,-0.01812637790177457,-0.04597687755235524,-4.11671173061885e-16
-0.5188580439349509,-0.7155869153457359,0.010059896754676308,-0.04321596195119379,-0.040375361738359074,0.44380910111293415,0.41572447308121674,0.06707805581902634,-0.14130246872362698,-0.041961339223585914,0.6854295767750807,-0.09734043293108065,-0.31472211451946075,0.029940360087974537,0.12072069570502104,-0.03361896855689419,0.26654455447191633,0.10228594474904784,0.20585414322031398,-0.10857521626033342,-0.11472122187572965,-0.012248554843844016,0.09947439747268312,-0.2540966963286926,0.12020801534910111,0.09121407572668093,-0.16861125253752754,0.031306158960340134,0.015376368575843931,0.061551817894428845,-0.021918370638396273,0.04481458692594304,-0.08165109282243728,-0.11257466142952206,-0.13685657798253176,0.027701750761192665,-0.16326643469005733,-0.1747229771250784,-0.0046188893898954485,-0.05814733642932793,0.032060358807803134,-0.013283625150675044,0.11772833642631945,-0.0031177766269523868,0.025188982468731025,0.004521587396922432,5.942558090864377e-14,0.11006821154843548,-0.006333507190642783,0.26929385525505173,0.11485624320236164,-0.3623131915795486,-0.981698628886239,-2.6872812367323468e-15
-0.6914689251931132,0.25259114399302185,-0.5190110827112392,0.015226334676120785,-0.408575655018145,0.20430505521293285,-0.08845020190708545,0.1705326377794196,-0.23934429051368572,-0.22151465921046198,0.04350964865876163,-0.054190133777438185,0.037243175544412775,-0.08260976609136131,0.12467547520553156,-0.021871150890401484,0.08129152915749675,-0.3607638405101408,0.2651850663426497,0.35351488864504316,-0.21495214388052278,-0.3600758535990031,-0.4338852031929965,0.06064807556083153,-0.07330935259465969,-0.19059486588471342,0.24490480648378474,-0.05397155135167782,-0.003317403248910443,-0.08639710335953825,0.178779085457155,0.2092606247812635,-0.3413306028645576,-0.11880422219060457,0.22890958616554336,0.07128957380836828,-0.020603747404625995,0.26028134883743026,0.38725988632744623,0.07907488334911449,-0.22095964095454088,0.11516690022084344,0.17549474683933322,0.0007210743531389973,0.09235915690669239,-0.2792782668548269,1.2785679052303776e-13,0.2347291695345485,-0.7612826159292577,-0.22463317402138647,-0.1409521570965956,-0.01064948082550233,-0.05651699866315321,-8.179220595564916e-16
-0.7732443749792989,0.3630365321439582,0.26905236600549826,0.12623623585699018,0.11593658563464794,-0.12300129565911998,0.5146730931923927,0.013835358372972154,-0.07276492585485138,-0.14153503457743685,-0.2722709771724373,-0.3511975844268472,-0.013808952330306715,-0.004365794077093924,-0.10015012137057258,0.005337551341542773,-0.1112485973886751,-0.1932919650411999,-0.06397267715346158,-0.09361160738264188,-0.0034854573641935073,0.013286292433777127,0.018179685221573268,-0.14073519798304066,0.06350112405645861,-0.05931282448898195,-0.15161696567449956,-0.009581423727865152,0.07845009772523209,0.1734349170442572,0.33361464154711273,0.12327308196630797,-0.1461865603791475,-0.002414775273172385,0.20998557695487485,0.0999225852594505,0.01385917353988848,-0.1412854037541738,0.0389161631555227,0.030785750584604976,-0.2576912651058425,0.07626941095311723,-0.3255580470575448,-0.1334858121307616,0.30196062947873065,0.2413792621966975,1.141850056526329,0.1361854428875032,0.06053715711071695,0.04572771980519834,0.14545728916827605,-0.050217726595897606,0.008642795153601193,-7.347041663545729e-16
-0.7841953461266772,0.28598404723256254,0.05294830764064354,-0.32586631676913036,0.20317636506211187,-2.6323017500789045e-05,-0.07685364471102302,0.01975824887446033,0.009952529307775269,0.28678804283364706,-0.2071999307317817,0.05477063952168106,0.00908519622522235,0.36006515693208613,0.23126822520829568,0.031011917232203534,0.02124028527755311,-0.10479220964664748,0.22062021121879954,0.24119597094662956,-0.03997283165696317,0.14960237845847513,-0.1332947433699883,-0.05733427134820826,-0.21561672702689264,0.5501320016982506,-0.43327560000650484,0.8981186859636208,0.02696452038165869,0.36773078766579675,-0.08369636716923018,-0.059326727426709226,0.23628227664992993,-0.17556957231947368,0.012204956506110311,0.058727042780941686,-0.019725626900621664,0.16798202708384027,0.48631298129378336,-0.25942130982217476,0.32577746870684027,0.07980336647349622,-0.14533823580590616,-0.05037474344432149,0.07679786409937332,-0.05308303291200196,-5.039996017450793e-14,-0.08274015241221319,-0.13552919085426463,0.09905080111705428,-0.03902317226566479,0.00024364597324403323,0.01169319787845563,1.3168585398648914e-16
-0.7732443749792989,0.3630365321439582,0.26905236600549803,0.12623623585699012,0.11593658563464802,-0.12300129565911971,0.5146730931923923,0.013835358372972069,-0.07276492585485135,-0.14153503457743669,-0.2722709771724373,-0.3511975844268473,-0.01380895233030706,-0.0043657940770941255,-0.10015012137057329,0.005337551341543107,-0.11124859738867592,-0.19329196504119983,-0.0639726771534612,-0.09361160738264349,-0.0034854573641937524,0.01328629243377648,0.01817968522157362,-0.1407351979830421,0.06350112405645897,-0.05931282448898338,-0.15161696567449667,-0.009581423727867399,0.0784500977252296,0.17343491704425137,0.3336146415471088,0.12327308196630729,-0.14618656037914787,-0.0024147752731671366,0.20998557695487374,0.09992258525944052,0.01385917353989342,-0.1412854037541669,0.038916163155508034,0.030785750584612026,-0.2576912651058297,0.076269410953115,-0.3255580470575397,-0.13348581213074479,0.301960629478737,0.24137926219668035,-1.1418500565261924,0.13618544288875262,0.06053715711071613,0.04572771980520022,0.14545728916827716,-0.050217726595898536,0.008642795153601649,1.0522827411157593e-16
-0.8059821383795587,0.018560582825816106,0.22571016726971865,0.007306004784225453,0.08920678283178003,-0.18785458917443568,0.031838327130058346,0.2780909721566307,-0.06086375334242242,0.0739008115340836,-0.22527277124332568,0.2740122896823799,0.11467064903682501,0.37524245504202214,0.3662187533509453,-0.0719110102326607,0.5543783351647242,0.3048832654003786,-0.07441250291182819,0.01763273389705866,0.5265270765010451,-0.43367655955867335,-0.05893062024956994,-0.2577815166265359,0.2151557740224044,-0.7466953046587869,0.046520266476849426,0.14407399823529513,-0.14893505435833454,-0.28827008343710425,-0.2575864864064763,0.009329557749553378,0.3304180431660246,0.0661802756211322,0.28426012921014676,0.24657265161421513,-0.2045262766711294,-0.182121090260241,0.027181817825806778,-0.22910654903971348,-0.04402743819710832,0.11976806644917211,-0.13612390659414567,-0.15288772237598575,-0.043727481327656775,-0.07375392517488019,5.4622173866587295e-15,0.01491501882910802,9.941041736529541e-05,0.007511224312681887,-0.045648905032545796,-0.036141403384335,-0.018547504805684276,-1.2121887071488203e-15
-0.49048945437926006,-0.6807881576488252,0.1740510888130987,0.00401926535067555,-0.1587018335759122,0.2874343853399966,-0.15913838271288705,-0.2972208029211596,-0.05727259772741273,0.14569011411109697,-0.18246995909534877,-0.577087036425855,0.07965314303667642,0.01860475498974319,0.109348971523258,0.01404254812344502,-0.045012104455468896,-0.22124339406160498,0.04638429384260534,-0.2293572915923211,0.18126470341280418,-0.04125093895161139,-0.018590019655799286,0.06147158752977988,-0.055250903895983264,-0.39151680412624706,0.2715049520765746,-0.17857898264843491,0.42941715437565003,0.4300759081597475,-0.14409935374128313,-0.4288979374355871,0.1823338527314042,-0.34350062748087923,0.04487469922262802,-0.097927001424834,-0.038773562097702295,0.41263970645770987,0.02402149086251899,0.11561633668106354,0.012270626681524668,0.12369065078955575,-0.5033583464963199,0.2959184958484447,-0.19648047301215868,-0.1799919310565379,-1.4860603981036767e-13,-0.27651140827643655,-0.036810749889998086,0.18250848832629016,-0.0670335678191857,0.2912632013743006,-0.16962513892931408,-1.811454585665503e-15
-0.46095937457833774,-0.648165861046826,-0.1834168032523642,0.43705932000339337,0.41508680534688547,0.14893141902331575,0.134329908689426,-0.17086026741866034,-0.08954683544717658,-0.1482364883534221,0.16278240240185482,-0.029896193606906686,0.06434815066810165,0.042414217189377615,0.3168637170590573,0.5592218677854104,-0.21706308693103182,-0.06308573811574225,-0.2179252229570292,0.3677530409438994,0.25334302863944425,-0.08797552661332417,0.10553392428534104,-0.2037714447212655,0.12529467075746104,0.3032124309983681,0.017691748948646373,-0.004107206982832691,-0.21628513250777717,-0.25774567827425177,-0.1623693744038354,0.35738674555209565,-0.34237356703955524,0.3293128132502534,0.3072706755712152,-0.2304259397705592,-0.007009339568881878,0.17812246662702605,-0.032402904902527126,-0.08606460733172422,0.10327064528116274,0.05052203748726815,-0.2944969921848841,0.30450225772747824,-0.010717466675809641,-0.17134029497520611,-2.694068696213218e-13,-0.5043327965740667,-0.08009748697075185,0.030620398612486055,0.34956983577870615,-0.03634026402992078,0.15783979637597004,-1.2443331785268688e-15
-0.4862808788848373,-0.5245119530378868,0.2435617819073082,-0.24651770051983568,-0.3889323947778153,-0.5462434110892735,-0.3004164610168376,-0.4911228251450661,-0.5219015792455748,-0.1200295118727493,-0.10785015960798289,-0.18705036271022443,-0.1569931253573845,-0.20510466097703256,-0.0555036778237233,0.2749890898676442,0.19511428057298819,0.24475141907973524,-0.04469819596064945,-0.054721574723056894,-0.17689458044201878,-0.07919643178421566,0.005092964189900692,-0.03733258106600901,-0.013004552735090215,0.09212262284612639,0.03306201489517359,0.11802008079733373,-0.22915796757079673,-0.1402079304976939,0.12440878343024661,0.1527336852172238,0.056284795227903604,0.07247141877825104,-0.03933902517431519,0.04531589672798161,-0.10219575116353671,-0.13290757195242717,0.1869075543263338,-0.07201105558535874,0.030519729865362093,-0.1264301317782627,0.20763213096391725,-0.11891861924462663,0.12876612543331006,0.09053608276449941,2.5514325607640276e-14,0.05117083235437444,-0.024798450840686045,0.08873755814587551,0.38395400364175875,0.8991399445875194,-0.17874566709174575,-1.2930821564283614e-15
-0.6964342742671389,0.28542888740784045,0.0663744619106652,-0.2964610649117359,0.2696013694414445,-0.03145466007741281,-0.09566762029357409,0.056701606273656065,-0.005960660359784865,0.1534331868264012,0.05895272210469193,0.26331783401223363,0.11548144949797251,-0.9122755051445807,0.56063746231818,-0.2175005864005662,0.0955502033264726,-0.004949885040441068,-0.3204367070727117,-0.07380344711909877,-0.16847658629197476,0.11391365145649453,0.13981861121899045,-0.19158237488967486,-0.03968619274963499,-0.13987543229840566,-0.3203967071542718,-0.12228528986470612,-0.17935306165314902,0.006338726485589169,-0.11787259686368454,-0.020361115934433453,-0.06770822248847261,-0.11804910988740376,0.11875990324654613,-0.22052160924293263,-0.16421686624308812,0.2694480860778486,0.3918352990999888,0.16462429674084356,-0.3075251998906901,-0.5444305654860081,-0.1004554743186597,0.16023272589267937,-0.17265828546880527,0.26991637502792776,-1.129318546157788e-14,-0.014779245087500796,0.026553767752073194,0.12239750271473801,-0.11743714170846639,-0.03912916073959511,0.013479769461215435,1.296872560048575e-15
-0.6057942668905056,-0.5643368102215299,-0.028324253930879582,-0.277938599678466,0.027815531944317424,0.09059446041282872,0.20611798208976975,0.25046295528715656,0.3281060233125108,0.22953701043548178,-0.097117470550592,-0.08702836626120328,-0.004230161774005518,-0.06622481333549994,0.16866289982738233,-0.030690814847792507,0.35825361368331604,-0.19375520779354827,-0.26963663792254317,-0.5504917714026092,-0.24782190393826364,0.0407920760908353,0.1862124181915442,0.9188521044221103,-0.4704438391173678,-0.06437001507223257,0.25000284586596433,0.1553959766666496,-0.2550580270455987,-0.08071271869445203,0.051338794306903274,0.20702244259694808,-0.18796929424686565,0.3001611597763985,0.07289105189189402,0.037459511357620524,0.01470805606700169,-0.1885579095966436,0.11343634718687755,-0.13123254124422407,0.028908206075506888,0.2243580226028105,-0.033182870140705284,-0.0423654139881233,0.1410919096088879,0.006238980012953163,-1.750375143827009e-13,-0.3175121193400373,-0.03849307579284814,-0.0964226324123803,-0.03053680145941542,-0.07037592802591698,-0.025616763447907982,5.941512690022004e-16
-0.6338061143250964,-0.22163933313323125,0.06887932116807101,0.702392302858219,-0.10088442920107919,-0.2093485275832539,-0.4952797900900957,-0.06300497635512371,0.2479608937017773,0.1645853388444125,-0.07560118274572804,-0.2762330492496237,-0.38897866563191147,-0.06872674159110168,0.4467808514675718,-0.5433428646301391,-0.145703319772998,-0.17580370704191534,0.3182659693938553,0.0013216173266235281,0.13310310865719246,-0.21761999844510244,0.17222656201067443,0.11320311810354458,-0.05584120148706228,0.08867226164958558,0.04964553252189341,0.07748311655854181,0.18542725583582564,-0.3768534238643573,0.18670718642182718,-0.10739189791194471,0.049306098145764365,-0.13128841571080901,-0.38717999867282327,-0.025715527198109052,-0.1215058103910369,-0.19016294202507336,0.13120988245552662,0.0020308378975463313,-0.07215401712713597,-0.17418996707265066,0.08119670018171969,-0.11870179503194153,0.08763663139618355,-0.04275418287862194,-1.0263234594487607e-14,-0.01690951782117258,-0.023209921734354554,0.15307140964641408,0.5592345933204833,-0.32246035547063395,0.2585929990740105,8.284062884521271e-16
-0.7667911039828248,0.32784378659504615,0.09414220993539837,-0.1183020208906337,0.0868133468317433,0.05544174941351439,-0.0432072294398803,-0.3350535739837384,-0.17715398818771066,0.4448138541303581,0.007891369997846627,0.26802893428946484,-0.12246077956264793,0.44454824010151744,0.09269629500674209,-0.13360659515230935,-0.021214378965196054,-0.22886434110345244,0.030510242551952678,0.16427915014704325,-0.2547350024519599,0.14673894226411943,-0.014733408840265059,0.3110245539775017,0.24615922842664392,0.19770947700947586,-0.017750836900898247,-0.3211701894683234,0.0028360111650072048,0.1035630207369771,0.0463375700086973,-0.0519725896997404,0.11575981966349191,0.3426135806018269,0.2659917505599351,0.23696095674275047,-0.9050683777040053,-0.017097158671175103,-0.34713846625459155,0.48105532142044366,-0.03165464205807994,-0.23198772880408627,-0.01802491330874636,0.044534460103577846,0.10405148464275467,-0.2050918260791118,-5.678912930010978e-15,-0.015319418824631057,-0.007855354137110745,-0.03613240767232844,0.006221880751271226,0.04984695528089991,-0.024686371984607137,2.07755023668756e-15
-0.7257964234933895,0.3079759715689041,0.10287865514339715,-0.11691177998309014,0.0982429254202353,-0.05508477795018717,0.22939149180588092,0.29340807798368435,0.2678882748887181,0.17616514336349348,-0.3575037956098075,-0.2770182898565829,0.08000464346634309,0.017596663808723673,0.09457740347619596,0.4619769591465655,0.5700576068412007,0.053383973470124725,0.4255152427458426,0.15625502094597585,-0.13095223824297286,-0.0031312032838375207,-0.11392677375129323,-0.14419814483273916,-0.059278744828401106,0.42755982804962506,0.1787500232521943,-0.3308042067959942,-0.3841718302261946,-0.4110026856886504,-0.13071569299783517,-0.23235539116995163,-0.16265014854614196,-0.29200828286343816,-0.5485071646315869,0.17225914585841173,0.15001927507989712,0.10616871089503056,-0.2479855204781119,0.25670908975486484,-0.08974879231676815,-0.1557154549940291,-0.2651640421964984,0.05358896586854758,0.06077415391821358,-0.08601303443111517,-4.184587529137628e-15,-0.014913307173374425,0.0974930310877246,0.02513812245436541,-0.1246851708486434,0.08219198101466854,-0.005569363847784247,1.9931923930393851e-16
-0.6975441794627169,0.1830920737635016,0.04184587335909205,-0.329308246778878,0.3628161585582366,0.06218635361290546,-0.482726217541487,0.09551542715179938,0.13529047389133209,-0.4068679842199319,0.1122799425418504,-0.1429811921497688,0.08392619448510115,-0.04727507979164276,-0.20800612338162708,0.11139602207990959,0.1707810562847324,-0.3936654609908063,0.05068833017899712,-0.1108454064447289,0.4406534024186042,0.11504496418961055,0.2090957524955972,0.2724560236625544,0.6678105465838833,0.09559354247885454,-0.254981314400588,-0.21859911274805555,-0.4000943081188963,0.007329383382199927,0.31332589853981113,0.014419842813351317,0.17588739737952264,-0.4163562325092503,-0.050963887547150796,-0.45463470283395,-0.2153212958293434,-0.15026760322815752,0.10607639260867403,0.0005834460941903587,0.06883245573166212,0.4110122769034629,0.20246523941142044,-0.06126612292033576,-0.033491324371051984,-0.04172625323890762,-4.472852303946146e-14,-0.08081264307529917,-0.08726271044927536,-0.01569300889389587,-0.05905118862158139,0.018299516322541887,0.015290451434841796,-8.338038748135348e-17
-0.5403914145213286,-0.46838416719791076,0.008681323272552381,0.014809375971446312,-0.029236468756758394,0.5720184779265401,-0.03398898043334988,-0.4502499695354891,0.377037924632953,0.014249619831985378,-0.5652181781132838,0.192775516300441,0.44290437906911373,-0.10069823826291481,-0.24942280688475657,-0.45436764875164415,0.1757320263558819,0.07253010804980543,0.16729282009008703,-0.06888735328300567,-0.12035151448054289,-0.3600757098887949,0.10069543196754584,-0.13460668795589215,0.052632162749628446,0.1779439450008297,-0.08508745961272293,0.1575143726642841,-0.140030447878319,-0.01719036330212082,-0.09159373846931547,0.12313269246686125,-0.24900406092884228,0.15275228955837597,0.11158235491537073,-0.37223598476902847,-0.040101297080386705,-0.11908731330807998,-0.173503703494344,-0.023454934392812807,0.16405264813935658,0.11320575824901347,-0.09059138273866639,0.3431092015927887,-0.0944767067962373,-0.04013443821823918,3.946650444325221e-13,0.7105166644097429,0.07902279758950022,0.03248440223595814,0.09810535131750461,0.09289376294859421,0.022463222442982256,3.8664329787974793e-16
-0.7344530090508534,0.1719439326884848,0.08726215114390846,-0.2620803362255286,0.39858946047266136,-0.09339974983150266,-0.3368596845325964,0.21270174697553063,0.29459961123676726,-0.2286988147862683,0.13639207063892447,-0.04706344439643846,0.09142724207735314,0.0948732843469577,-0.11042058168343458,0.20093473766398892,-0.0016728380990744041,0.1753266470333004,-0.06803493052790385,-0.1529072869593333,-0.43577728076320055,-0.27012202859291445,0.15716550876122237,-0.4877616619534399,-0.36972410866891203,0.3112967071631285,0.6808622371383609,-0.1963105728439833,0.4695344317367651,0.01775256420526486,0.052276208560356176,0.30184567927663125,0.5511243239276895,-0.05567567822236492,0.19289648358542222,-0.25497887870210517,-0.25377358374221093,-0.1600720962274243,0.09898645200099164,-0.03301368355535823,-0.04147697891971688,0.04300327522712537,0.020889647601054225,0.06111846770106854,0.06081777328454602,0.10117026318232043,-5.903930544615976e-15,-0.009130329254792438,-0.05199741123105638,-0.06262484604101844,0.022036997132113254,-0.1378127030833702,0.021457162256063176,1.2321340225675697e-15
-0.5545382965777432,-0.5231777292663181,0.06936836583100142,0.15709683070440345,-0.005834096878574286,0.580610885195593,0.053239742830435546,-0.27629289155922365,0.29145955706243926,-0.22126248102676388,-0.283355995453337,0.11024846185612017,-0.039678872300117254,0.09834469638546316,-0.09554287587646576,-0.25558288191553413,-0.006844190680098299,-0.200447434783911,-0.8390191895416468,0.43307367910636446,0.3048165590260834,0.03912411551208955,-0.1679801178250395,-0.15175436367721215,-0.2228270837796157,0.2006271141079455,0.21513128999147457,-0.012322006484057338,-0.18892651171845498,-0.03153255859799231,0.27911902128466975,0.06262096177063788,0.2611819645733696,-0.22945717622521236,-0.22666484426338124,0.340124331802013,0.03999230119443135,0.07838243245471554,-0.022375761286413068,0.02077436967094415,-0.11844034391398321,-0.25359653727468884,0.27850709125304385,-0.3077420941221888,0.089350405517223,0.1091876330419411,-8.961261062831841e-14,-0.15496657482076331,0.013960239530666283,0.055780686776183294,-0.2665402731861515,0.0997990456665684,-0.1417899592017402,-9.609523005992025e-16
-0.699244509769764,0.3420225269417928,0.14837598384776593,0.19400584936978113,0.03954119741071967,0.007997743581105046,0.4720820674513342,0.1589866946895246,0.015411123224930604,-0.12826516831707344,-0.27867677553542397,-0.5455896580945246,-0.02571851747142434,-0.20603953958341995,-0.30936455901750554,-0.011965898710524683,-0.08294618213327933,-0.1057495102268859,-0.13753529827877503,0.16643007318439873,0.02466363385991814,0.08251093412242484,0.1276862035180865,0.09331296386698591,0.07900667338761463,-0.0471320772964689,-0.13952018102135966,-0.16900581306291504,0.13456308377181408,0.045226342357251516,-0.7684687897223048,0.1897952838114103,0.3133657156191722,0.4967515001654662,-0.4004441994736687,0.05521916471359027,-0.18753106327793206,-0.03433193898352272,0.4346567196271875,0.03456596979822118,0.11830195408848251,0.03385252154742245,0.406572105003881,0.029838139481886877,-0.3582595337829085,-0.2236102123828418,5.239116256848326e-14,0.09293678400789734,-0.12613334162087295,-0.028198253646836004,0.058101198969770194,0.008231742267170494,-0.012501713194788896,-1.465585716027004e-16
-0.7491293883570381,-0.19303471961916785,0.19574298979287888,0.26376749707926117,-0.17007969385557142,-0.2319279113937579,-0.3349751107450035,0.20306581589343237,0.4535745466906193,0.04149021222470046,0.04128967551962737,0.015063229825355044,0.03442242646702741,0.08973985585796264,0.2546224160818105,0.40221301310557417,-0.057544032630268964,0.22163466533579035,-0.3997196289581079,0.4154707443484516,-0.4361837196212055,-0.20678739266071763,0.26106424200959605,0.04946854717299384,0.30476083739450993,-0.08608144617595688,0.07001138196830553,-0.0072845731667481,-0.11773151381266735,0.7449771261363871,-0.04486852043455687,-0.460261515920457,-0.4113620575904914,0.005831621720271758,0.032667114239183524,0.10116399815416655,0.16380836852232472,-0.3055712173118186,0.04921539541051043,0.10761198023550375,-0.017912668929803758,0.14329930749132647,0.17611153516319433,-0.1636168726337319,-0.154225812495069,-0.05301871468567981,9.699030905397823e-14,0.18368895849625452,0.017734573885190806,0.042792994161389514,0.026693906199031864,-0.06555386697501991,0.013213209388571895,4.951359105887944e-16
-0.27593960343924345,-0.25504679805374764,-0.3715874612820359,0.946781073968505,0.706315119406866,-0.5234087119558638,-0.2640114819801922,0.02710734480637987,-0.014642326738140893,0.17853052911697412,-0.04369596332483738,-0.23300757483385143,-0.15960745338096086,-0.045316523092531744,0.011062335353054734,-0.2003233175260718,-0.03232454794563636,-0.04956502475457057,0.14768541786689332,-0.061404086385232946,-0.10667297421214046,0.03140316584829874,0.04484699418990517,0.04522154701782727,-0.007034465284549037,0.11661358906146736,-0.08238240664730216,0.05483685772545409,-0.11258817907200673,-0.02397455505177444,-0.03030650602594847,0.11260327689548848,0.10657799798160422,0.062432172529586896,0.23619577564146133,0.012302289215891939,0.1398482250409939,-0.012913001556155887,-0.11383713869552606,-0.05645756900399753,-0.05950698821843582,0.03517052221440689,-0.005544096173555281,0.04559226659703421,-0.04009703910772455,0.05992862983189842,8.162459211088097e-14,0.1503666245547065,0.03217557780554834,-0.21889788230914997,-0.7769315411360944,0.32279011200584085,-0.42805174589806694,-7.579598740258687e-16
